path,true_label,predicted_label,prob_pneumonia,confidence,error_type,coarse_type
test/PNEUMONIA/00001108_004.png,PNEUMONIA,NORMAL,0.02384016,0.97615984,high_confidence_false_negative,false_negative
test/PNEUMONIA/00000963_007.png,PNEUMONIA,NORMAL,0.08720919,0.91279081,high_confidence_false_negative,false_negative
test/PNEUMONIA/00001235_001.png,PNEUMONIA,NORMAL,0.09414923,0.90585077,high_confidence_false_negative,false_negative
test/PNEUMONIA/00000398_002.png,PNEUMONIA,NORMAL,0.12550135,0.87449865,false_negative,false_negative
test/PNEUMONIA/00000772_002.png,PNEUMONIA,NORMAL,0.13931015,0.86068985,false_negative,false_negative
test/PNEUMONIA/00001317_000.png,PNEUMONIA,NORMAL,0.17684385,0.82315615,false_negative,false_negative
test/PNEUMONIA/00001317_002.png,PNEUMONIA,NORMAL,0.21312292,0.78687708,false_negative,false_negative
test/NORMAL/00000832_002.png,NORMAL,PNEUMONIA,0.99574453,0.99574453,high_confidence_false_positive,false_positive
test/NORMAL/00001055_001.png,NORMAL,PNEUMONIA,0.91659051,0.91659051,high_confidence_false_positive,false_positive
test/NORMAL/00000877_023.png,NORMAL,PNEUMONIA,0.89790708,0.89790708,false_positive,false_positive
test/NORMAL/00000181_056.png,NORMAL,PNEUMONIA,0.82628125,0.82628125,false_positive,false_positive
test/NORMAL/00000005_002.png,NORMAL,PNEUMONIA,0.73097336,0.73097336,false_positive,false_positive
test/NORMAL/00000588_004.png,NORMAL,PNEUMONIA,0.62357354,0.62357354,false_positive,false_positive
test/NORMAL/00000149_003.png,NORMAL,NORMAL,0.43996885,0.56003115,correct_borderline,correct
test/NORMAL/00000278_005.png,NORMAL,NORMAL,0.47221869,0.52778131,correct_borderline,correct
